<root>
	<header title="Time:"/>
		<listItem   constante="1 year = 12 months = 365 days" />
		<listItem   constante="1 year = 3,156x10e7 Seconds" />
		<listItem   constante="1 year = 48 Weeks" />
		<listItem   constante="1 month = 30 days = 720 Hours" />
		<listItem   constante="1 Hour = 60 Minutes = 3600 Seconds" />
		<listItem   constante="1 day = 8,64x10e4 Seconds" />
	
	<header title="Distance:"/>
		<listItem   constante="1 Km = 1000 m" />
		<listItem   constante="1mill = 1,6 Km = 1609 m" />
		<listItem   constante="1 m = 100 cm = 1000 mm" />
		<listItem   constante="1 Hm = 100 m" />
		<listItem   constante="1 Dm = 10 m" />
		<listItem   constante="1 ft = 12 inch = 0,3048" />
		<listItem   constante="1 ft = 30,48 cms" />
		<listItem   constante="1 yard = 36 inch = 3 ft" />
		<listItem   constante="1 light year = 9,46x10e15 m" />
		
	<header title="Weight:"/>
	
		<listItem   constante="1 T = 1000 Kg = 20 qq" />
		<listItem   constante="1 Kg = 1000 g = 2,2 lb" />
		<listItem   constante="1 Kg = 32,15 Oz" />
		<listItem   constante="1 qq = 45,359 Kg" />
		<listItem   constante="1 g = 1000 mg" />

		
	<header title="Potency:"/>
	
		<listItem   constante="1 W = 1 J/s = 0,738 lb*ft/s" />
		<listItem   constante="1 hp = 550 lb*ft/s = 746 W" />

	<header title="Volume:"/>
	
		<listItem   constante="1 m^3 = 1000 Liters" />
		<listItem   constante="1 Liter = 1000cc" />
		<listItem   constante="1 cc = 1 ml" />

	<header title="Force:"/>
	
		<listItem   constante="1 lfb = 4,45 N" />
		<listItem   constante="1N = 10e5 dines = 0,225 lb" />
		
	<header title="Work and Energy:"/>
	
		<listItem   constante="1 Joule = 10e7 ergs = 0,738 lb*ft" />
		<listItem   constante="1 lb*ft = 1.36 Joule" />


</root>