<root>
	
   <formula  image="/Imagenes/Fisica/CinematicaDinamica/1.png"/>
   <formula  image="/Imagenes/Fisica/CinematicaDinamica/2.png"/>
   <formula  image="/Imagenes/Fisica/CinematicaDinamica/3.png"/>
   <formula  image="/Imagenes/Fisica/CinematicaDinamica/4.png"/>
   <formula  image="/Imagenes/Fisica/CinematicaDinamica/5.png"/>
   <formula  image="/Imagenes/Fisica/CinematicaDinamica/6.png"/>
   <formula  image="/Imagenes/Fisica/CinematicaDinamica/7.png"/>
   <formula  image="/Imagenes/Fisica/CinematicaDinamica/8.png"/>
   <formula  image="/Imagenes/Fisica/CinematicaDinamica/9.png"/>
   <formula  image="/Imagenes/Fisica/CinematicaDinamica/10.png"/>
   <formula  image="/Imagenes/Fisica/CinematicaDinamica/11.png"/>
   <formula  image="/Imagenes/Fisica/CinematicaDinamica/12.png"/>
   <formula  image="/Imagenes/Fisica/CinematicaDinamica/13.png"/>
   <formula  image="/Imagenes/Fisica/CinematicaDinamica/14.png"/>
   <formula  image="/Imagenes/Fisica/CinematicaDinamica/15.png"/>
   <formula  image="/Imagenes/Fisica/CinematicaDinamica/16.png"/>
   <formula  image="/Imagenes/Fisica/CinematicaDinamica/17.png"/>
   <formula  image="/Imagenes/Fisica/CinematicaDinamica/18.png"/>
   <formula  image="/Imagenes/Fisica/CinematicaDinamica/19.png"/>
   <formula  image="/Imagenes/Fisica/CinematicaDinamica/20.png"/>
   <formula  image="/Imagenes/Fisica/CinematicaDinamica/21.png"/>
   <formula  image="/Imagenes/Fisica/CinematicaDinamica/22.png"/>
   <formula  image="/Imagenes/Fisica/CinematicaDinamica/23.png"/>
   <formula  image="/Imagenes/Fisica/CinematicaDinamica/24.png"/>
   <formula  image="/Imagenes/Fisica/CinematicaDinamica/25.png"/>
   <formula  image="/Imagenes/Fisica/CinematicaDinamica/26.png"/>
   <formula  image="/Imagenes/Fisica/CinematicaDinamica/27.png"/>
   <formula  image="/Imagenes/Fisica/CinematicaDinamica/28.png"/>

 

 
</root>