<root>

   <formula  image="/Imagenes/Fisica/Electricidad/1.png"/>
   <formula  image="/Imagenes/Fisica/Electricidad/2.png"/>
   <formula  image="/Imagenes/Fisica/Electricidad/3.png"/>
   
   <header title="Serie Circuit"/>
   
   <formula  image="/Imagenes/Fisica/Electricidad/4.png"/>
   <formula  image="/Imagenes/Fisica/Electricidad/5.png"/>
   <formula  image="/Imagenes/Fisica/Electricidad/6.png"/>
   <formula  image="/Imagenes/Fisica/Electricidad/7.png"/>
   
   <header title="Parallel Circuit"/>
   
   <formula  image="/Imagenes/Fisica/Electricidad/8.png"/>
   <formula  image="/Imagenes/Fisica/Electricidad/9.png"/>
   <formula  image="/Imagenes/Fisica/Electricidad/10.png"/>
   <formula  image="/Imagenes/Fisica/Electricidad/11.png"/>
   
   <header title=""/>
   
   <formula  image="/Imagenes/Fisica/Electricidad/12.png"/>
 

 
</root>