<root>

   <formula  image="/Imagenes/Ecuaciones/Limites/1.png"/>
   <formula  image="/Imagenes/Ecuaciones/Limites/2.png"/>
   <formula  image="/Imagenes/Ecuaciones/Limites/3.png"/>
   <formula  image="/Imagenes/Ecuaciones/Limites/4.png"/>
   <formula  image="/Imagenes/Ecuaciones/Limites/5.png"/>
   <formula  image="/Imagenes/Ecuaciones/Limites/6.png"/>
   
   <header title="Is a continuos function if:"/>
   <formula  image="/Imagenes/Ecuaciones/Limites/7.png"/>
   <formula  image="/Imagenes/Ecuaciones/Limites/8.png"/>
   <formula  image="/Imagenes/Ecuaciones/Limites/9.png"/>

</root>