<root>

   <formula  image="/Imagenes/Ecuaciones/Desigualdades/1.png"/>
   <formula  image="/Imagenes/Ecuaciones/Desigualdades/2.png"/>
   <formula  image="/Imagenes/Ecuaciones/Desigualdades/3.png"/>
   <formula  image="/Imagenes/Ecuaciones/Desigualdades/4.png"/>
   <formula  image="/Imagenes/Ecuaciones/Desigualdades/5.png"/>
   <formula  image="/Imagenes/Ecuaciones/Desigualdades/6.png"/>
   <formula  image="/Imagenes/Ecuaciones/Desigualdades/7.png"/>
   <formula  image="/Imagenes/Ecuaciones/Desigualdades/8.png"/>
 
</root>