<root>

   <header title="General Formula:"/>
      
   <formula  image="/Imagenes/Ecuaciones/Factorizacion/12.png"/>
   
   <header title="2 Exponent"/>
	
   <formula  image="/Imagenes/Ecuaciones/Factorizacion/1.png"/>
   <formula  image="/Imagenes/Ecuaciones/Factorizacion/2.png"/>
   <formula  image="/Imagenes/Ecuaciones/Factorizacion/3.png"/>   
   <formula  image="/Imagenes/Ecuaciones/Factorizacion/4.png"/>  
   
   <header title="3 Exponent"/>
       
   <formula  image="/Imagenes/Ecuaciones/Factorizacion/5.png"/>   
   <formula  image="/Imagenes/Ecuaciones/Factorizacion/6.png"/>   
   <formula  image="/Imagenes/Ecuaciones/Factorizacion/7.png"/>   
   <formula  image="/Imagenes/Ecuaciones/Factorizacion/8.png"/>
   
   <header title="4 Exponent"/>
   
   <formula  image="/Imagenes/Ecuaciones/Factorizacion/9.png"/>
   <formula  image="/Imagenes/Ecuaciones/Factorizacion/10.png"/>
   <formula  image="/Imagenes/Ecuaciones/Factorizacion/11.png"/>
   
   <header title="n Exponent:"/>
   
   <formula  image="/Imagenes/Ecuaciones/Factorizacion/13.png"/>
   <formula  image="/Imagenes/Ecuaciones/Factorizacion/14.png"/>
   
</root>