<root>

   <formula  image="/Imagenes/Ecuaciones/Derivadas/1.png"/>
   <formula  image="/Imagenes/Ecuaciones/Derivadas/2.png"/>
   <formula  image="/Imagenes/Ecuaciones/Derivadas/3.png"/>
   <formula  image="/Imagenes/Ecuaciones/Derivadas/4.png"/>
   <formula  image="/Imagenes/Ecuaciones/Derivadas/5.png"/>
   <formula  image="/Imagenes/Ecuaciones/Derivadas/6.png"/>
   <formula  image="/Imagenes/Ecuaciones/Derivadas/7.png"/>
   <formula  image="/Imagenes/Ecuaciones/Derivadas/8.png"/>
   <formula  image="/Imagenes/Ecuaciones/Derivadas/9.png"/>
   <formula  image="/Imagenes/Ecuaciones/Derivadas/10.png"/>
   <formula  image="/Imagenes/Ecuaciones/Derivadas/11.png"/>
   <formula  image="/Imagenes/Ecuaciones/Derivadas/12.png"/>
   <formula  image="/Imagenes/Ecuaciones/Derivadas/13.png"/>
   <formula  image="/Imagenes/Ecuaciones/Derivadas/14.png"/>
   <formula  image="/Imagenes/Ecuaciones/Derivadas/15.png"/>
   <formula  image="/Imagenes/Ecuaciones/Derivadas/16.png"/>
   <formula  image="/Imagenes/Ecuaciones/Derivadas/17.png"/>
   <formula  image="/Imagenes/Ecuaciones/Derivadas/18.png"/>
   <formula  image="/Imagenes/Ecuaciones/Derivadas/19.png"/>
   <formula  image="/Imagenes/Ecuaciones/Derivadas/20.png"/>
   <formula  image="/Imagenes/Ecuaciones/Derivadas/21.png"/>
   <formula  image="/Imagenes/Ecuaciones/Derivadas/22.png"/>
   <formula  image="/Imagenes/Ecuaciones/Derivadas/23.png"/>
   <formula  image="/Imagenes/Ecuaciones/Derivadas/24.png"/>
   <formula  image="/Imagenes/Ecuaciones/Derivadas/25.png"/>
   <formula  image="/Imagenes/Ecuaciones/Derivadas/26.png"/>
   <formula  image="/Imagenes/Ecuaciones/Derivadas/27.png"/>
   <formula  image="/Imagenes/Ecuaciones/Derivadas/28.png"/>
   <formula  image="/Imagenes/Ecuaciones/Derivadas/29.png"/>
   <formula  image="/Imagenes/Ecuaciones/Derivadas/30.png"/>
   <formula  image="/Imagenes/Ecuaciones/Derivadas/31.png"/>
   <formula  image="/Imagenes/Ecuaciones/Derivadas/32.png"/>
   <formula  image="/Imagenes/Ecuaciones/Derivadas/33.png"/>
   <formula  image="/Imagenes/Ecuaciones/Derivadas/34.png"/>
   <formula  image="/Imagenes/Ecuaciones/Derivadas/35.png"/>
   <formula  image="/Imagenes/Ecuaciones/Derivadas/36.png"/>
   <formula  image="/Imagenes/Ecuaciones/Derivadas/37.png"/>
   <formula  image="/Imagenes/Ecuaciones/Derivadas/38.png"/>
   <formula  image="/Imagenes/Ecuaciones/Derivadas/39.png"/>
   <formula  image="/Imagenes/Ecuaciones/Derivadas/40.png"/>
   <formula  image="/Imagenes/Ecuaciones/Derivadas/41.png"/>

</root>