<root>

   <formula  image="/Imagenes/Ecuaciones/NumComplex/1.png"/>
   <formula  image="/Imagenes/Ecuaciones/NumComplex/2.png"/>
   <formula  image="/Imagenes/Ecuaciones/NumComplex/3.png"/>
   <formula  image="/Imagenes/Ecuaciones/NumComplex/4.png"/>
   <formula  image="/Imagenes/Ecuaciones/NumComplex/5.png"/>
   <formula  image="/Imagenes/Ecuaciones/NumComplex/6.png"/>
   <formula  image="/Imagenes/Ecuaciones/NumComplex/7.png"/>
   <formula  image="/Imagenes/Ecuaciones/NumComplex/8.png"/>
   <formula  image="/Imagenes/Ecuaciones/NumComplex/9.png"/>
 
</root>